,City,Lat,Lng,Max Temperature,Humidity,Cloudiness,Wind Speed,Country,Date
0,mehamn,71.0357,27.8492,-3.0,93,75,12.86,NO,1611739560
1,jamestown,42.097,-79.2353,-3.89,93,90,4.07,US,1611739560
2,yellowknife,62.456,-114.3525,-22.78,70,90,1.03,CA,1611739440
3,bluff,-46.6,168.3333,14.44,75,3,4.92,NZ,1611739560
4,qaanaaq,77.484,-69.3632,-26.39,63,0,2.73,GL,1611739561
5,mataura,-46.1927,168.8643,14.44,75,46,4.92,NZ,1611739561
6,hithadhoo,-0.6,73.0833,27.38,78,100,6.11,MV,1611739674
7,busselton,-33.65,115.3333,20.56,47,0,2.68,AU,1611739561
8,great yarmouth,52.6083,1.7305,6.11,100,75,5.14,GB,1611739562
9,castro,-24.7911,-50.0119,17.16,92,90,2.37,BR,1611739562
10,punta arenas,-53.15,-70.9167,4.0,87,90,6.17,CL,1611739562
11,rikitea,-23.1203,-134.9692,26.19,77,13,5.74,PF,1611739562
12,carnarvon,-24.8667,113.6333,27.0,65,0,9.77,AU,1611739669
13,san quintin,30.4833,-115.95,9.82,60,0,0.72,MX,1611739562
14,west wendover,40.7391,-114.0733,-6.0,93,1,3.6,US,1611739563
15,butaritari,3.0707,172.7902,27.19,80,26,4.4,KI,1611739676
16,saldanha,-33.0117,17.9442,25.0,44,0,9.26,ZA,1611739563
17,atuona,-9.8,-139.0333,26.0,75,1,8.61,PF,1611739563
18,scarborough,54.2797,-0.4044,5.0,93,55,0.45,GB,1611739563
19,faya,18.3851,42.4509,25.0,9,0,6.17,SA,1611739563
20,hamilton,39.1834,-84.5333,0.56,80,90,3.09,US,1611739677
21,fereydun kenar,36.6864,52.5225,14.0,44,0,6.17,IR,1611739563
22,usinsk,65.9939,57.5281,-23.98,86,100,6.98,RU,1611739677
23,dikson,73.5069,80.5464,-28.9,87,100,3.19,RU,1611739677
24,fort nelson,58.8053,-122.7002,-22.0,71,90,2.57,CA,1611739564
25,saint-paul,-21.0096,55.2707,25.0,83,1,1.34,RE,1611739564
26,gazojak,41.1875,61.4036,5.78,62,0,2.06,TM,1611739564
27,hobart,-42.8794,147.3294,15.0,54,75,6.17,AU,1611739564
28,souillac,-20.5167,57.5167,30.0,58,40,3.09,MU,1611739564
29,new norfolk,-42.7826,147.0587,15.0,51,12,2.32,AU,1611739564
30,tuatapere,-46.1333,167.6833,14.44,75,0,4.92,NZ,1611739678
31,albany,42.6001,-73.9662,-2.78,81,100,0.6,US,1611739565
32,tabas,33.5959,56.9244,14.0,17,0,1.03,IR,1611739678
33,kemijarvi,66.7131,27.4306,-9.87,95,100,3.78,FI,1611739565
34,port-gentil,-0.7193,8.7815,23.0,94,40,2.06,GA,1611739565
35,sao filipe,14.8961,-24.4956,23.53,64,0,2.45,CV,1611739678
36,avarua,-21.2078,-159.775,27.0,83,75,6.17,CK,1611739678
37,sakakah,29.9697,40.2064,19.0,20,0,5.66,SA,1611739679
38,yerbogachen,61.2767,108.0108,-39.25,81,31,0.08,RU,1611739565
39,havre-saint-pierre,50.2334,-63.5986,-7.0,68,90,2.06,CA,1611739565
40,port elizabeth,-33.918,25.5701,20.0,94,90,6.69,ZA,1611739552
41,bredasdorp,-34.5322,20.0403,19.0,68,90,6.17,ZA,1611739566
42,upernavik,72.7868,-56.1549,-16.94,91,97,2.84,GL,1611739679
43,san jeronimo,-11.9472,-75.2829,8.94,76,100,0.5,PE,1611739566
44,vizianagaram,18.1167,83.4167,28.0,61,40,4.63,IN,1611739567
45,mantua,45.1667,10.7833,5.56,80,65,2.24,IT,1611739481
46,mahebourg,-20.4081,57.7,30.0,58,40,3.09,MU,1611739680
47,cabo san lucas,22.8909,-109.9124,14.44,60,63,3.13,MX,1611739680
48,geraldton,-28.7667,114.6,25.0,57,0,11.83,AU,1611739567
49,norman wells,65.282,-126.8329,-30.0,76,75,1.03,CA,1611739567
50,cherskiy,68.75,161.3,-33.6,81,100,1.29,RU,1611739680
51,foso,5.7012,-1.2866,27.63,68,78,1.88,GH,1611739568
52,lavrentiya,65.5833,-171.0,-19.42,88,83,2.9,RU,1611739681
53,ushuaia,-54.8,-68.3,4.0,81,75,5.14,AR,1611739568
54,fortuna,40.5982,-124.1573,5.0,93,75,9.26,US,1611739681
55,charters towers,-20.1,146.2667,28.13,61,24,6.97,AU,1611739568
56,nikolskoye,59.7035,30.7861,1.11,93,75,2.0,RU,1611739568
57,mason city,43.1536,-93.201,-10.56,72,75,3.6,US,1611739568
58,cape town,-33.9258,18.4232,23.0,53,40,9.77,ZA,1611739284
59,east london,-33.0153,27.9116,21.0,94,20,3.09,ZA,1611739569
60,airai,-8.9266,125.4092,19.91,93,99,1.59,TL,1611739569
61,nanchong,30.7951,106.0847,11.56,69,58,2.72,CN,1611739569
62,puerto ayora,-0.7393,-90.3518,25.0,94,50,2.24,EC,1611739570
63,saint anthony,45.0205,-93.218,-11.0,52,90,2.06,US,1611739570
64,salalah,17.0151,54.0924,27.0,57,0,3.6,OM,1611739682
65,tuktoyaktuk,69.4541,-133.0374,-27.91,88,100,4.22,CA,1611739570
66,antalaha,-14.9003,50.2788,29.44,64,44,3.72,MG,1611739570
67,hilo,19.7297,-155.09,21.0,83,90,2.57,US,1611739683
68,tasiilaq,65.6145,-37.6368,-9.55,90,100,4.91,GL,1611739570
69,abha,18.2164,42.5053,25.0,9,0,6.17,SA,1611739683
70,kununurra,-15.7667,128.7333,27.0,100,40,2.06,AU,1611739526
71,khatanga,71.9667,102.5,-33.1,81,22,4.03,RU,1611739571
72,port alfred,-33.5906,26.891,20.56,93,100,1.79,ZA,1611739571
73,barrow,71.2906,-156.7887,-26.0,76,40,3.09,US,1611739683
74,vila velha,-20.3297,-40.2925,22.78,94,20,1.03,BR,1611739683
75,saint george,37.1041,-113.5841,2.22,64,40,3.09,US,1611739572
76,kasongo-lunda,-6.4667,16.8167,25.84,76,100,2.0,CD,1611739572
77,alta floresta,-9.8756,-56.0861,21.57,97,99,1.06,BR,1611739684
78,norsup,-16.0667,167.3833,25.21,87,100,6.82,VU,1611739572
79,bubaque,11.2833,-15.8333,25.14,54,0,1.71,GW,1611739572
80,madimba,-10.4,40.3333,29.8,64,15,2.83,TZ,1611739572
81,maracaju,-21.6144,-55.1683,21.45,92,93,3.67,BR,1611739573
82,sitka,57.0531,-135.33,-3.0,46,1,3.89,US,1611739684
83,anage,-14.6122,-41.1356,18.07,90,90,0.98,BR,1611739573
84,adrar,20.5022,-10.0711,19.33,20,0,5.02,MR,1611739573
85,batagay-alyta,67.8006,130.4114,-40.89,79,69,0.61,RU,1611739573
86,edson,53.5835,-116.4356,-18.0,92,90,2.06,CA,1611739573
87,kantunilkin,21.0917,-87.45,21.46,95,23,1.29,MX,1611739573
88,petropavlovsk-kamchatskiy,53.0452,158.6483,-5.0,54,11,6.0,RU,1611739685
89,cacu,-18.5567,-51.1308,21.72,84,100,0.6,BR,1611739574
90,gouyave,12.1646,-61.7296,24.0,83,20,4.12,GD,1611739574
91,saint-philippe,-21.3585,55.7679,31.0,55,0,4.12,RE,1611739574
92,walvis bay,-22.9575,14.5053,21.0,78,75,4.12,NA,1611739447
93,paramonga,-10.6667,-77.8333,20.95,84,100,3.08,PE,1611739575
94,port macquarie,-31.4333,152.9167,23.89,75,88,3.5,AU,1611739385
95,kapaa,22.0752,-159.319,23.33,88,75,7.72,US,1611739575
96,cidreira,-30.1811,-50.2056,23.86,88,73,5.75,BR,1611739575
97,victoria,22.2855,114.1577,20.56,73,5,5.56,HK,1611739639
98,ponta do sol,32.6667,-17.1,17.22,88,75,1.54,PT,1611739686
99,laguna,38.421,-121.4238,6.0,81,90,11.83,US,1611739575
100,kenai,60.5544,-151.2583,-12.78,78,1,2.77,US,1611739575
101,hofn,64.2539,-15.2082,-4.0,63,40,6.17,IS,1611739687
102,marawi,7.9986,124.2928,28.33,80,99,1.79,PH,1611739687
103,georgetown,5.4112,100.3354,32.0,62,20,3.6,MY,1611739687
104,hasaki,35.7333,140.8333,11.0,93,40,1.54,JP,1611739576
105,mgandu,-5.95,34.1333,23.06,74,0,2.67,TZ,1611739576
106,asosa,10.0667,34.5333,31.92,22,1,2.21,ET,1611739576
107,fare,-16.7,-151.0167,26.76,73,94,9.03,PF,1611739576
108,praia da vitoria,38.7333,-27.0667,16.11,92,19,4.02,PT,1611739576
109,asau,46.4333,26.4,1.67,39,100,4.8,RO,1611739576
110,oga,46.4631,10.347,2.78,85,75,0.51,IT,1611739577
111,swan river,52.1058,-101.2676,-31.0,76,29,3.09,CA,1611739577
112,ilulissat,69.2167,-51.1,-18.19,83,87,2.19,GL,1611739688
113,scalea,39.813,15.7956,10.0,47,0,2.39,IT,1611739577
114,arraial do cabo,-22.9661,-42.0278,25.0,73,0,5.66,BR,1611739577
115,hay river,60.8156,-115.7999,-22.0,71,99,3.6,CA,1611739688
116,tshikapa,-6.4167,20.8,26.24,79,82,1.98,CD,1611739578
117,chuy,-33.6971,-53.4616,20.22,92,100,1.82,UY,1611739578
118,hermanus,-34.4187,19.2345,19.44,90,100,4.75,ZA,1611739578
119,touros,-5.1989,-35.4608,25.75,82,34,5.43,BR,1611739689
120,bathsheba,13.2167,-59.5167,25.0,73,40,6.17,BB,1611739579
121,cooma,-36.2333,149.1333,15.0,67,90,4.63,AU,1611739579
122,chokurdakh,70.6333,147.9167,-33.97,84,100,3.65,RU,1611739579
123,yulara,-25.2406,130.9889,29.0,51,100,5.14,AU,1611739579
124,san nicolas,18.1725,120.5953,31.0,55,75,4.12,PH,1611739580
125,kungurtug,50.5994,97.5228,-19.66,87,100,0.92,RU,1611739580
126,lata,40.1629,-8.3327,15.0,96,100,0.61,PT,1611739580
127,provideniya,64.3833,-173.3,-17.73,89,99,8.57,RU,1611739580
128,alice springs,-23.7,133.8833,33.0,43,51,6.17,AU,1611739507
129,iqaluit,63.7506,-68.5145,-24.0,70,1,2.57,CA,1611739580
130,gat,31.61,34.7642,21.11,38,100,0.45,IL,1611739580
131,saint-augustin,51.226,-58.6502,-8.98,93,91,3.54,CA,1611739580
132,khovu-aksy,51.1333,93.6,-18.18,89,100,2.13,RU,1611739580
133,ndende,-2.4008,11.3581,27.07,79,92,0.18,GA,1611739581
134,thompson,55.7435,-97.8558,-31.0,76,75,1.54,CA,1611739691
135,samarai,-10.6167,150.6667,29.15,74,100,2.24,PG,1611739691
136,samarinda,-0.5,117.15,27.57,88,89,0.62,ID,1611739581
137,rafai,4.95,23.9167,35.57,19,54,1.55,CF,1611739581
138,arhus,56.1567,10.2108,2.0,100,75,2.06,DK,1611739581
139,surgut,61.25,73.4167,-29.0,76,0,2.0,RU,1611739581
140,kruisfontein,-34.0033,24.7314,21.11,77,100,4.02,ZA,1611739581
141,zhezkazgan,47.8043,67.7144,-7.03,97,77,2.9,KZ,1611739582
142,oktyabrskoye,43.0645,44.7417,5.0,65,100,2.0,RU,1611739582
143,warrington,53.3925,-2.5802,9.0,87,75,3.09,GB,1611739582
144,kapit,2.0167,112.9333,26.52,90,100,0.81,MY,1611739582
145,pevek,69.7008,170.3133,-33.52,85,100,1.14,RU,1611739582
146,grand gaube,-20.0064,57.6608,28.89,68,2,2.68,MU,1611739582
147,seoul,37.5683,126.9778,6.0,41,0,2.57,KR,1611739187
148,bako,5.7833,36.5667,28.94,27,15,1.18,ET,1611739582
149,torbay,47.6666,-52.7314,0.56,93,90,6.17,CA,1611739583
150,palmer,42.1584,-72.3287,-2.22,84,99,1.22,US,1611739583
151,develi,38.3906,35.4922,11.0,35,75,4.12,TR,1611739583
152,haines junction,60.7522,-137.5108,-26.0,84,0,1.54,CA,1611739693
153,grindavik,63.8424,-22.4338,-1.0,55,75,11.32,IS,1611739583
154,nioro,13.35,-15.75,22.82,17,0,2.88,GM,1611739583
155,lompoc,34.6391,-120.4579,10.0,81,90,5.14,US,1611739583
156,swedru,5.5371,-0.6998,28.0,83,20,4.63,GH,1611739584
157,puteyets,65.1716,57.091,-19.52,92,100,2.54,RU,1611739584
158,pisco,-13.7,-76.2167,19.44,89,100,0.45,PE,1611739694
159,adre,13.4667,22.2,29.71,13,98,5.06,TD,1611739584
160,christchurch,-43.5333,172.6333,25.0,25,100,6.69,NZ,1611739504
161,aljezur,37.3191,-8.8033,15.0,100,99,1.34,PT,1611739584
162,vaini,-21.2,-175.2,24.0,94,90,2.57,TO,1611739584
163,ostrovnoy,68.0531,39.5131,-12.66,94,100,7.97,RU,1611739584
164,severo-kurilsk,50.6789,156.125,-3.78,94,79,7.12,RU,1611739585
165,longyearbyen,78.2186,15.6401,-13.0,61,20,8.23,SJ,1611739696
166,salinas,36.6777,-121.6555,13.0,87,90,12.86,US,1611739585
167,baicheng,45.6167,122.8167,-12.08,68,100,4.32,CN,1611739439
168,ukiah,39.1502,-123.2078,3.89,93,90,2.06,US,1611739586
169,mandan,46.8267,-100.8896,-15.0,85,90,5.66,US,1611739586
170,husavik,66.0449,-17.3389,-9.0,86,40,1.03,IS,1611739696
171,ixtapa,20.7,-105.2,17.22,92,83,1.04,MX,1611739696
172,grand-santi,4.25,-54.3833,22.05,97,98,0.89,GF,1611739586
173,labuhan,-6.8844,112.2051,26.32,85,100,6.16,ID,1611739586
174,kaitangata,-46.2817,169.8464,15.0,73,90,1.32,NZ,1611739586
175,vardo,70.3705,31.1107,-4.0,74,75,12.86,NO,1611739586
176,inuvik,68.3499,-133.7218,-23.0,77,100,2.06,CA,1611739697
177,san patricio,28.017,-97.5169,19.44,100,90,7.2,US,1611739587
178,wad madani,14.4012,33.5199,32.94,26,0,5.46,SD,1611739587
179,kozhva,65.1073,57.0459,-19.22,92,100,2.22,RU,1611739587
180,koungou,-12.7336,45.2042,29.0,74,75,6.17,YT,1611739587
181,ilhabela,-23.7781,-45.3581,25.09,75,40,1.82,BR,1611739587
182,dingle,10.9995,122.6711,26.26,86,100,4.27,PH,1611739587
183,vilhena,-12.7406,-60.1458,20.72,99,100,1.58,BR,1611739587
184,faanui,-16.4833,-151.75,27.57,72,56,7.49,PF,1611739587
185,maniitsoq,65.4167,-52.9,-10.75,83,0,2.84,GL,1611739588
186,herzogenbuchsee,47.188,7.7062,-2.22,95,100,1.98,CH,1611739588
187,ust-nera,64.5667,143.2,-31.28,77,99,1.57,RU,1611739588
188,bambous virieux,-20.3428,57.7575,30.0,58,40,3.09,MU,1611739698
189,narsaq,60.9167,-46.05,-11.17,75,22,2.05,GL,1611739588
190,zhigansk,66.7697,123.3711,-44.91,75,54,3.23,RU,1611739588
191,inhambane,-23.865,35.3833,32.0,70,40,6.17,MZ,1611739588
192,bodden town,19.2833,-81.25,25.56,84,3,3.13,KY,1611739699
193,yar-sale,66.8333,70.8333,-37.67,81,0,4.66,RU,1611739699
194,bamako,12.65,-8.0,26.0,11,0,6.69,ML,1611739435
195,gorontalo,0.5412,123.0595,28.19,72,98,1.84,ID,1611739589
196,kano,12.0001,8.5167,24.0,10,0,8.23,NG,1611739589
197,altay,47.8667,88.1167,-13.22,84,100,0.36,CN,1611739589
198,aguimes,27.9054,-15.4461,18.89,77,20,5.66,ES,1611739589
199,beira,-19.8436,34.8389,31.0,74,40,0.25,MZ,1611739589
200,dera bugti,29.0307,69.151,19.36,20,0,1.93,PK,1611739590
201,sawtell,-30.3833,153.1,26.0,83,75,2.06,AU,1611739590
202,edd,13.9297,41.6925,31.57,25,0,7.48,ER,1611739590
203,berezovyy,51.6667,135.7,-22.87,88,100,1.07,RU,1611739590
204,isangel,-19.55,169.2667,27.19,81,100,6.25,VU,1611739590
205,wenling,28.3669,121.36,11.67,79,85,4.55,CN,1611739591
206,breves,-1.6822,-50.4803,22.97,96,100,1.08,BR,1611739591
207,ust-tsilma,65.441,52.1498,-19.6,91,100,3.3,RU,1611739591
208,mokhsogollokh,61.4681,128.9203,-41.15,78,100,2.06,RU,1611739591
209,kaeo,-35.1,173.7833,21.11,81,19,2.24,NZ,1611739701
210,auki,-8.7676,160.7034,26.09,85,100,2.64,SB,1611739591
211,talnakh,69.4865,88.3972,-29.41,78,100,0.73,RU,1611739591
212,qui nhon,13.7667,109.2333,23.94,80,59,5.39,VN,1611739591
213,espanola,35.9911,-106.0806,-7.78,73,1,2.06,US,1611739592
214,paamiut,61.994,-49.6678,-9.94,79,0,2.94,GL,1611739592
215,tazovskiy,67.4667,78.7,-36.4,84,94,2.9,RU,1611739592
216,mpongwe,-13.5091,28.155,20.56,90,98,2.02,ZM,1611739592
217,goderich,43.7501,-81.7165,-4.0,86,92,2.57,CA,1611739592
218,bontang,0.1333,117.5,28.44,72,41,1.17,ID,1611739592
219,waingapu,-9.6567,120.2641,28.07,77,100,4.96,ID,1611739702
220,surany,48.0861,18.1845,3.33,73,100,6.89,SK,1611739592
221,quatre cocos,-20.2078,57.7625,30.0,58,40,3.09,MU,1611739592
222,tam ky,15.5667,108.4833,24.0,78,75,2.06,VN,1611739593
223,nanortalik,60.1432,-45.2371,-8.71,82,56,2.84,GL,1611739593
224,te anau,-45.4167,167.7167,10.79,85,4,2.78,NZ,1611739593
225,qaqortoq,60.7167,-46.0333,-11.33,80,18,2.23,GL,1611739593
226,klaksvik,62.2266,-6.589,1.0,80,5,7.2,FO,1611739593
227,kamenka,51.3223,42.7678,0.56,97,100,5.36,RU,1611739593
228,verkhnyaya inta,65.9811,60.3094,-25.28,84,100,5.92,RU,1611739593
229,iranshahr,27.2025,60.6848,20.0,8,0,2.06,IR,1611739593
230,puerto cabello,10.4731,-68.0125,24.92,77,100,2.55,VE,1611739594
231,kotelnich,58.3089,48.348,-0.73,97,100,5.95,RU,1611739594
232,rizhao,35.4275,119.4553,4.56,69,100,3.18,CN,1611739594
233,eureka,40.8021,-124.1637,5.56,82,99,2.68,US,1611739594
234,ravar,31.2656,56.8055,13.34,29,0,1.97,IR,1611739594
235,karera,25.4667,78.15,21.92,21,0,2.0,IN,1611739594
236,sistranda,63.7256,8.834,-1.0,80,40,6.69,NO,1611739594
237,poum,-20.2333,164.0167,27.21,74,100,9.2,NC,1611739594
238,mar del plata,-38.0023,-57.5575,18.33,82,40,5.14,AR,1611739595
239,margate,51.3813,1.3862,7.78,89,100,0.89,GB,1611739595
240,teguldet,57.3064,88.1667,-11.11,95,100,3.85,RU,1611739595
241,padang,-0.9492,100.3543,25.0,94,75,4.12,ID,1611739595
242,tiksi,71.6872,128.8694,-38.54,83,100,1.67,RU,1611739704
243,svetlaya,46.5389,138.3297,-9.37,81,100,4.75,RU,1611739595
244,cruzilia,-21.8386,-44.8083,17.13,93,89,1.06,BR,1611739595
245,mandawar,29.5,78.1333,22.7,24,0,3.92,IN,1611739449
246,luba,3.4568,8.5547,30.0,74,20,5.14,GQ,1611739595
247,cockburn town,21.4612,-71.1419,23.94,76,2,7.81,TC,1611739596
248,tutoia,-2.7619,-42.2744,24.42,91,100,3.01,BR,1611739596
249,umm lajj,25.0213,37.2685,25.12,66,1,5.82,SA,1611739596
250,vestmannaeyjar,63.4427,-20.2734,1.0,69,40,14.92,IS,1611739706
251,atherton,53.5237,-2.4935,7.78,98,93,0.89,GB,1611739596
252,bengkulu,-3.8004,102.2655,28.41,69,99,2.47,ID,1611739540
253,karratha,-20.7377,116.8463,34.93,28,0,10.01,AU,1611739706
254,raudeberg,61.9875,5.1352,-1.67,93,0,3.6,NO,1611739596
255,tallahassee,30.4383,-84.2807,20.0,100,90,2.57,US,1611739706
256,brandfort,-28.7001,26.4597,21.0,83,75,7.2,ZA,1611739597
257,clyde river,70.4692,-68.5914,-17.0,55,1,2.57,CA,1611739597
258,cayenne,4.9333,-52.3333,26.0,83,90,3.6,GF,1611739707
259,kaka,37.3482,59.6143,9.96,44,0,3.24,TM,1611739707
260,kloulklubed,7.0419,134.2556,27.0,78,90,1.54,PW,1611739597
261,kochi,9.9399,76.2602,33.0,35,100,2.57,IN,1611739482
262,mandalgovi,45.7625,106.2708,-20.4,78,15,8.18,MN,1611739598
263,bilibino,68.0546,166.4372,-27.65,82,100,2.86,RU,1611739707
264,matara,5.9485,80.5353,28.05,62,100,1.89,LK,1611739598
265,paciran,-6.8767,112.3761,26.5,85,100,5.61,ID,1611739598
266,sisimiut,66.9395,-53.6735,-14.33,85,0,3.74,GL,1611739598
267,manokwari,-0.8667,134.0833,25.38,86,100,9.93,ID,1611739598
268,katsuura,35.1333,140.3,13.0,47,75,7.2,JP,1611739598
269,longview,32.5007,-94.7405,8.0,66,75,4.12,US,1611739599
270,tual,-5.6667,132.75,28.75,79,81,7.78,ID,1611739599
271,la ronge,55.1001,-105.2842,-29.0,69,100,1.54,CA,1611739599
272,am timan,11.0297,20.2827,33.72,11,49,3.35,TD,1611739599
273,guadalupe y calvo,26.1,-106.9667,0.85,60,100,2.72,MX,1611739599
274,bethel,41.3712,-73.414,-1.67,93,90,0.96,US,1611739599
275,ambunti,-4.2365,142.8448,24.88,95,100,0.47,PG,1611739600
276,kahului,20.8947,-156.47,24.0,69,20,8.23,US,1611739600
277,kodiak,57.79,-152.4072,-1.0,64,1,1.54,US,1611739600
278,eydhafushi,5.1033,73.0708,27.17,65,34,6.0,MV,1611739600
279,saskylakh,71.9167,114.0833,-39.49,80,73,0.77,RU,1611739600
280,port hardy,50.6996,-127.4199,5.0,75,90,6.17,CA,1611739600
281,sorland,67.667,12.6934,1.0,64,0,6.69,NO,1611739600
282,kamaishi,39.2667,141.8833,2.0,60,40,4.12,JP,1611739600
283,polovinnoye,54.7914,65.9864,-2.9,96,13,5.37,RU,1611739600
284,hanna,51.6334,-111.9018,-16.11,86,88,2.24,CA,1611739601
285,leningradskiy,69.3833,178.4167,-30.35,86,93,0.22,RU,1611739601
286,tautira,-17.7333,-149.15,24.0,83,0,1.54,PF,1611739601
287,pauini,-7.7136,-66.9764,22.62,98,100,1.38,BR,1611739601
288,sosnovo-ozerskoye,52.5249,111.5418,-25.25,87,100,3.3,RU,1611739601
289,aller,43.1187,-5.5839,15.0,80,98,1.74,ES,1611739601
290,bandundu,-3.3167,17.3667,29.83,64,98,0.91,CD,1611739601
291,maneadero,31.7167,-116.5667,8.26,61,0,1.32,MX,1611739601
292,arlit,18.7369,7.3853,23.71,14,0,3.17,NE,1611739602
293,kidal,18.4411,1.4078,23.72,15,0,6.25,ML,1611739602
294,bowen,-20.0167,148.2333,26.0,83,0,3.6,AU,1611739602
295,never,46.9896,3.159,4.44,97,100,2.35,FR,1611739602
296,ribera,37.4984,13.2642,8.89,70,87,0.89,IT,1611739602
297,hailey,43.5196,-114.3153,-6.0,93,90,1.54,US,1611739602
298,camacha,33.0833,-16.3333,16.0,100,75,6.17,PT,1611739712
299,bafoulabe,13.8065,-10.8321,24.61,15,0,2.59,ML,1611739602
300,codrington,-38.2667,141.9667,17.26,75,30,9.63,AU,1611739712
301,leh,34.1667,77.5833,-10.81,62,0,0.5,IN,1611739603
302,luorong,24.4058,109.6086,17.86,45,91,2.89,CN,1611739603
303,kiomboi,-4.2667,34.3667,25.61,53,0,0.22,TZ,1611739603
304,taoudenni,22.6783,-3.9836,21.29,23,0,8.29,ML,1611739603
305,lilongwe,-13.9669,33.7873,25.0,65,75,2.06,MW,1611739603
306,tabou,4.423,-7.3528,27.17,81,100,1.95,CI,1611739603
307,nantucket,41.2835,-70.0995,2.22,100,90,2.57,US,1611739604
308,kulhudhuffushi,6.6221,73.07,27.35,61,100,4.14,MV,1611739604
309,bandarbeyla,9.4942,50.8122,25.38,59,84,7.91,SO,1611739713
310,semey,50.4111,80.2275,-6.0,86,90,7.0,KZ,1611739604
311,ourem,39.6417,-8.5919,15.0,96,100,1.36,PT,1611739604
312,labuan,5.2767,115.2417,29.0,74,20,4.63,MY,1611739563
313,santa rosalia,27.3167,-112.2833,10.23,67,86,1.14,MX,1611739604
314,turinsk,58.0458,63.696,-5.0,97,78,3.57,RU,1611739604
315,guerrero negro,27.9769,-114.0611,12.02,63,18,3.63,MX,1611739604
316,issia,6.4922,-6.5856,25.11,78,93,1.63,CI,1611739605
317,tomatlan,19.9333,-105.25,15.84,63,90,0.49,MX,1611739605
318,barda,40.3744,47.1267,9.0,53,34,1.03,AZ,1611739605
319,bereznik,62.8551,42.7072,-0.21,97,100,3.35,RU,1611739605
320,xingyi,24.1877,102.817,19.23,34,0,6.42,CN,1611739605
321,fairbanks,64.8378,-147.7164,-22.22,63,1,1.08,US,1611739715
322,manosque,43.8288,5.7869,3.89,79,82,0.45,FR,1611739605
323,polunochnoye,60.8697,60.4153,-11.44,96,100,0.76,RU,1611739605
324,kupang,-10.1667,123.5833,28.0,89,75,5.14,ID,1611739606
325,chernyshevskiy,63.0128,112.4714,-41.58,82,25,1.07,RU,1611739606
326,palmas bellas,9.2319,-80.0867,25.0,86,93,3.58,PA,1611739606
327,northampton,40.8754,-75.2499,0.0,93,74,3.12,US,1611739606
328,yantongshan,43.2919,126.0094,-12.46,90,60,1.45,CN,1611739606
329,kharp,66.8014,65.8081,-34.22,81,0,0.94,RU,1611739606
330,quzhou,28.9594,118.8686,9.65,86,100,1.33,CN,1611739606
331,tricase,39.9304,18.3553,8.33,64,0,10.96,IT,1611739606
332,marsh harbour,26.5412,-77.0636,23.37,87,0,5.44,BS,1611739606
333,fukue,32.6881,128.8419,11.0,62,40,7.72,JP,1611739607
334,gayny,60.3071,54.3241,-5.29,97,100,3.88,RU,1611739607
335,pemangkat,1.1667,108.9667,27.03,79,91,4.36,ID,1611739607
336,jumla,29.2747,82.1838,13.26,23,0,3.79,NP,1611739607
337,carbonear,47.7332,-53.2148,0.0,86,90,8.75,CA,1611739608
338,ribeira grande,38.5167,-28.7,16.55,77,80,12.57,PT,1611739608
339,boundiali,9.5217,-6.4869,25.19,18,12,2.24,CI,1611739608
340,los llanos de aridane,28.6585,-17.9182,18.0,77,75,4.12,ES,1611739608
341,pitimbu,-7.4706,-34.8086,23.0,100,0,3.09,BR,1611739717
342,okhotsk,59.3833,143.3,-24.78,80,20,3.88,RU,1611739608
343,khorixas,-20.3667,14.9667,25.25,51,11,3.38,NA,1611739608
344,peniche,39.3558,-9.3811,15.0,95,100,4.02,PT,1611739608
345,huasahuasi,-11.3167,-75.6167,4.82,93,100,0.74,PE,1611739609
346,goksun,38.021,36.4973,11.0,40,75,6.17,TR,1611739609
347,tommot,58.9564,126.2925,-36.85,79,100,2.15,RU,1611739609
348,yanggu,36.1106,115.7753,10.82,45,100,5.02,CN,1611739609
349,mogadishu,2.0371,45.3438,29.0,61,40,8.23,SO,1611739609
350,darhan,49.4867,105.9228,-23.09,83,43,0.39,MN,1611739609
351,port lincoln,-34.7333,135.8667,19.79,67,0,6.07,AU,1611739609
352,meulaboh,4.1363,96.1285,29.12,69,100,2.57,ID,1611739609
353,salta,-24.7859,-65.4117,14.0,94,0,1.54,AR,1611739609
354,balsas,-7.5325,-46.0356,21.94,92,72,0.96,BR,1611739610
355,filingue,14.3521,3.3168,24.86,13,13,6.31,NE,1611739610
356,aykhal,66.0,111.5,-38.06,79,0,1.03,RU,1611739610
357,morant bay,17.8815,-76.4093,22.78,70,40,0.45,JM,1611739610
358,hachinohe,40.5,141.5,1.67,50,59,2.24,JP,1611739473
359,vila franca do campo,37.7167,-25.4333,16.11,94,40,8.75,PT,1611739610
360,el alto,-4.2714,-81.2147,23.21,74,60,4.23,PE,1611739610
361,coquimbo,-29.9533,-71.3436,14.0,88,0,2.06,CL,1611739610
362,havoysund,70.9963,24.6622,-3.0,74,75,10.29,NO,1611739611
363,nouakchott,18.0858,-15.9785,15.0,17,0,3.09,MR,1611739431
364,leirvik,59.7798,5.5005,-1.67,82,100,0.89,NO,1611739611
365,blyth,55.1271,-1.5086,5.0,93,40,0.51,GB,1611739418
366,shangrao,28.4532,117.9686,9.46,84,98,1.28,CN,1611739611
367,charlottetown,46.2352,-63.1267,1.0,80,90,4.12,CA,1611739611
368,hue,16.4667,107.6,24.0,78,75,4.12,VN,1611739603
369,beyneu,45.3167,55.2,2.94,76,0,8.09,KZ,1611739720
370,san cristobal,7.7669,-72.225,16.83,85,100,1.08,VE,1611739612
371,nyurba,63.2842,118.3319,-42.75,78,57,1.46,RU,1611739612
372,rio gallegos,-51.6226,-69.2181,4.0,65,0,4.63,AR,1611739612
373,jining,35.405,116.5814,8.75,50,100,4.02,CN,1611739320
374,lagoa,39.05,-27.9833,16.02,80,99,13.75,PT,1611739612
375,graham,47.0529,-122.2943,3.33,87,90,0.51,US,1611739613
376,impfondo,1.6381,18.0667,32.53,47,59,2.02,CG,1611739613
377,shieli,44.1667,66.75,0.81,88,0,2.67,KZ,1611739613
378,kutum,14.2,24.6667,26.39,15,62,2.14,SD,1611739721
379,semporna,4.4818,118.6112,30.0,70,20,2.06,MY,1611739613
380,lazarev,52.225,141.5131,-13.86,95,100,7.82,RU,1611739613
381,atlantic city,39.3643,-74.4229,2.78,100,90,4.63,US,1611739613
382,opuwo,-18.0607,13.84,26.24,49,100,1.57,NA,1611739613
383,svecha,58.2785,47.5164,-0.71,98,100,6.74,RU,1611739613
384,nuevo progreso,23.1667,-97.95,19.44,71,98,1.55,MX,1611739614
385,dargaville,-35.9333,173.8833,17.88,92,7,1.45,NZ,1611739614
386,inongo,-1.95,18.2667,24.19,88,99,2.82,CD,1611739614
387,yeppoon,-23.1333,150.7333,27.0,65,0,5.14,AU,1611739614
388,komsomolskiy,40.4272,71.7189,7.0,36,0,2.06,UZ,1611739614
389,watsa,3.0372,29.5355,33.03,27,38,2.62,CD,1611739614
390,egvekinot,66.3167,-179.1667,-25.53,87,100,6.62,RU,1611739614
391,la sarre,48.8002,-79.1996,-19.58,92,97,2.37,CA,1611739615
392,aketi,2.7388,23.7833,32.24,49,55,1.06,CD,1611739615
393,corinto,37.9407,22.9573,6.0,52,40,5.14,GR,1611739615
394,hualmay,-11.0964,-77.6139,21.13,81,100,4.27,PE,1611739615
395,kautokeino,69.0125,23.0412,-14.44,94,100,4.78,NO,1611739615
396,mayo,38.8876,-76.5119,3.33,100,90,2.06,US,1611739616
397,xiaoweizhai,26.1903,107.5125,5.73,78,100,2.25,CN,1611739616
398,njeru,0.4186,33.1731,26.52,51,71,2.7,UG,1611739616
399,vao,-22.6667,167.4833,25.19,79,87,8.34,NC,1611739724
400,tahta,26.7693,31.5021,15.0,47,0,3.09,EG,1611739616
401,tlacotepec,20.0667,-97.8667,16.5,59,19,1.54,MX,1611739616
402,phan thiet,10.9333,108.1,27.36,68,28,7.09,VN,1611739589
403,san rafael,-34.6177,-68.3301,19.43,25,0,2.96,AR,1611739616
404,huanan,46.2167,130.5167,-18.27,89,79,4.35,CN,1611739617
405,jinchang,38.4953,102.1739,-2.3,71,0,5.49,CN,1611739617
406,kavieng,-2.5744,150.7967,28.55,78,100,5.62,PG,1611739617
407,siguiri,11.6667,-9.5,24.32,16,28,2.43,GN,1611739617
408,hambantota,6.1241,81.1185,31.0,62,20,3.6,LK,1611739617
409,maxixe,-23.8597,35.3472,32.0,70,40,6.17,MZ,1611739617
410,shingu,33.7333,135.9833,11.0,62,20,6.69,JP,1611739613
411,keflavik,64.0049,-22.5624,-1.0,55,75,11.32,IS,1611739617
412,vostok,46.4856,135.8833,-20.08,92,95,2.57,RU,1611739617
413,saint-denis,48.9167,2.3333,4.44,100,90,2.06,FR,1611739618
414,cap-aux-meules,47.3821,-61.8597,-3.0,93,1,3.09,CA,1611739618
415,nhlangano,-27.1167,31.2,28.37,51,8,2.69,SZ,1611739618
416,suntar,62.1444,117.6319,-42.03,79,72,1.06,RU,1611739618
417,poronaysk,49.2167,143.1167,-11.21,96,100,7.33,RU,1611739618
418,lima,-12.0432,-77.0282,20.56,81,100,2.18,PE,1611739618
419,santa rosa,14.3122,121.1114,26.67,94,90,1.03,PH,1611739618
420,buala,-8.145,159.5921,27.27,82,100,3.93,SB,1611739619
421,phalombe,-15.8064,35.6507,27.22,70,76,1.14,MW,1611739619
422,kawalu,-7.3817,108.2082,24.02,86,100,0.8,ID,1611739619
423,mao,39.8885,4.2658,14.0,94,75,3.09,ES,1611739619
424,itarema,-2.9248,-39.9167,24.39,88,53,4.11,BR,1611739619
425,mamlyutka,54.9375,68.5394,-4.0,74,0,7.0,KZ,1611739619
426,kramat,-8.1311,113.4499,25.14,84,100,1.1,ID,1611739619
427,rudbar,30.15,62.6,15.92,23,0,1.68,AF,1611739619
428,esperance,-33.8667,121.9,21.0,68,48,5.66,AU,1611739619
429,rovaniemi,66.5,25.7167,-7.0,86,40,6.69,FI,1611739620
430,benguela,-12.5763,13.4055,27.7,61,100,2.39,AO,1611739620
431,oistins,13.0667,-59.5333,25.0,73,40,6.17,BB,1611739620
432,korablino,53.9164,40.0133,2.22,82,100,5.96,RU,1611739620
433,omsukchan,62.5333,155.8,-37.4,79,100,2.22,RU,1611739620
434,aitape,-3.1374,142.3475,26.11,87,100,5.61,PG,1611739620
435,freeport,40.6576,-73.5832,1.67,93,90,2.57,US,1611739620
436,birjand,32.8663,59.2211,12.0,7,0,5.14,IR,1611739620
437,olga,43.7444,135.2892,-10.52,86,0,4.03,RU,1611739728
438,coahuayana,18.7333,-103.6833,19.27,70,76,1.38,MX,1611739621
439,bemidji,47.4736,-94.8803,-27.22,76,1,1.54,US,1611739621
440,pacific grove,36.6177,-121.9166,13.0,76,90,6.17,US,1611739621
441,misratah,32.3754,15.0925,14.09,55,32,7.35,LY,1611739621
442,pucallpa,-8.3791,-74.5539,21.6,97,99,1.11,PE,1611739621
443,namatanai,-3.6667,152.4333,27.78,78,98,3.4,PG,1611739729
444,bac lieu,9.285,105.7244,28.36,66,5,9.01,VN,1611739593
445,volot,57.9278,30.7025,-0.93,98,90,0.77,RU,1611739622
446,diu,20.7141,70.9822,27.93,19,4,1.0,IN,1611739434
447,kostomuksha,64.571,30.5767,-4.78,98,100,4.53,RU,1611739622
448,moerai,-22.4333,-151.3333,27.08,75,1,6.92,PF,1611739622
449,port keats,-14.25,129.55,27.6,80,100,3.55,AU,1611739622
450,acarau,-2.8856,-40.12,24.73,87,69,4.66,BR,1611739623
451,iquique,-20.2208,-70.1431,19.0,72,0,2.06,CL,1611739623
452,ahipara,-35.1667,173.1667,18.57,90,79,1.87,NZ,1611739730
453,katherine,-14.4667,132.2667,26.0,94,75,2.06,AU,1611739506
454,booue,-0.0921,11.9385,27.27,77,100,0.77,GA,1611739623
455,acapulco,16.8634,-99.8901,22.96,80,5,1.54,MX,1611739623
456,ternate,0.8,127.4,27.8,77,98,4.36,ID,1611739606
457,alexandria,31.2156,29.9553,14.0,77,40,3.09,EG,1611739476
458,maldonado,-34.6667,-54.9167,23.0,88,90,4.63,UY,1611739624
459,dubai,25.2582,55.3047,24.0,50,20,2.06,AE,1611739578
460,mazatlan,23.2167,-106.4167,16.67,83,99,2.24,MX,1611739624
461,loikaw,19.6742,97.2094,30.16,22,0,2.3,MM,1611739624
462,miri,4.4148,114.0089,29.0,79,40,4.63,MY,1611739616
463,shaunavon,49.6501,-108.4181,-16.0,85,100,5.14,CA,1611739625
464,songjianghe,42.1859,127.479,-11.57,86,5,1.78,CN,1611739732
465,honiara,-9.4333,159.95,25.43,84,100,2.83,SB,1611739623
466,kisumu,-0.1022,34.7617,27.0,50,20,3.6,KE,1611739625
467,kirkwood,38.5834,-90.4068,-0.56,80,90,1.54,US,1611739625
468,natal,-5.795,-35.2094,23.0,94,40,2.57,BR,1611739625
469,belyy yar,53.6039,91.3903,-24.0,77,20,0.97,RU,1611739625
470,macamic,48.7502,-78.9996,-15.0,85,90,3.09,CA,1611739626
471,broken hill,-31.95,141.4333,28.0,36,44,4.63,AU,1611739626
472,dehloran,32.6941,47.2679,19.13,26,47,1.44,IR,1611739626
473,kurilsk,45.2333,147.8833,0.32,96,100,7.89,RU,1611739627
474,anda,46.4,125.3167,-16.44,84,0,2.87,CN,1611739473
475,tuzha,57.6062,47.936,0.12,96,100,6.6,RU,1611739627
476,anadyr,64.75,177.4833,-14.0,85,75,12.0,RU,1611739627
477,mae sai,20.4335,99.8762,31.0,40,0,1.03,TH,1611739628
478,ferkessedougou,9.6,-5.2,26.41,16,5,3.22,CI,1611739628
479,tandil,-37.3217,-59.1332,17.22,70,64,1.79,AR,1611739628
480,mackay,-21.15,149.2,27.0,78,40,5.14,AU,1611739628
481,ostersund,63.1792,14.6357,-11.67,85,75,1.19,SE,1611739628
482,puerto escondido,15.85,-97.0667,24.25,65,83,1.55,MX,1611739629
483,deputatskiy,69.3,139.9,-37.23,85,100,1.11,RU,1611739629
484,naze,28.3667,129.4833,17.0,72,75,2.57,JP,1611739629
485,caucaia,-3.7361,-38.6531,26.0,89,75,2.57,BR,1611739629
486,shizunai,42.3339,142.3669,-0.2,89,56,8.95,JP,1611739630
487,karakulino,56.012,53.7067,-5.29,97,100,4.69,RU,1611739630
488,caluquembe,-13.7833,14.6833,24.31,33,99,3.18,AO,1611739630
489,kavaratti,10.5669,72.642,27.44,67,70,4.19,IN,1611739630
490,galle,6.0367,80.217,26.99,69,100,3.7,LK,1611739477
491,berlevag,70.8578,29.0864,-5.0,93,75,12.86,NO,1611739630
492,sao joao da barra,-21.6403,-41.0511,23.52,82,97,6.5,BR,1611739630
493,westport,41.1415,-73.3579,0.0,86,90,3.09,US,1611739736
494,roald,62.5833,6.1333,-1.0,74,0,5.14,NO,1611739631
495,port hueneme,34.1478,-119.1951,10.0,57,90,3.09,US,1611739631
496,flinders,-34.5833,150.8552,19.44,86,99,0.45,AU,1611739631
497,bethanien,-26.502,17.1583,27.11,15,0,3.21,NA,1611739631
498,polis,35.0367,32.4264,20.0,45,0,8.23,CY,1611739631
499,vicosa do ceara,-3.5622,-41.0922,18.49,100,99,1.54,BR,1611739632
500,polewali,-3.4324,119.3435,29.8,69,59,2.49,ID,1611739632
501,marrakesh,31.6315,-8.0083,15.0,63,0,1.54,MA,1611739632
502,pravda,46.9396,142.009,-2.0,93,75,7.0,RU,1611739632
503,mangrol,21.1167,70.1167,26.29,22,0,2.98,IN,1611739632
504,znamenskoye,57.1281,73.8282,-1.28,97,96,3.68,RU,1611739633
505,angoche,-16.2325,39.9086,31.53,59,0,2.45,MZ,1611739633
506,krasnoborsk,61.5598,45.934,-1.01,97,100,3.6,RU,1611739633
507,garowe,8.4054,48.4845,29.28,18,1,7.59,SO,1611739633
508,beringovskiy,63.05,179.3167,-8.13,97,100,12.55,RU,1611739739
509,tateyama,34.9833,139.8667,12.78,100,100,2.68,JP,1611739607
510,skogn,63.7,11.2,-1.11,93,20,5.14,NO,1611739633
511,luanda,-8.8368,13.2343,30.0,66,20,1.54,AO,1611739411
512,tamiahua,21.2667,-97.45,20.64,94,95,2.4,MX,1611739634
513,patzicia,14.6317,-90.9269,16.11,89,53,1.21,GT,1611739634
514,saint-joseph,-21.3667,55.6167,31.0,55,0,4.12,RE,1611739634
515,mareeba,-17.0,145.4333,29.0,70,75,3.09,AU,1611739634
516,bialystok,53.1333,23.15,-1.11,92,100,5.48,PL,1611739634
517,omboue,-1.5746,9.2618,26.38,84,98,2.23,GA,1611739634
518,wheatley,51.7473,-1.1394,7.78,100,90,1.03,GB,1611739634
519,wufeng,27.45,104.8333,1.93,85,100,3.08,CN,1611739529
520,del rio,29.3627,-100.8968,10.0,53,1,4.12,US,1611739635
521,japura,-0.3167,102.35,30.89,58,100,1.36,ID,1611739635
522,puerto carreno,6.189,-67.4859,24.15,69,78,5.15,CO,1611739635
523,portland,45.5234,-122.6762,3.89,87,90,3.09,US,1611739635
524,ichinoseki,38.9167,141.1333,2.0,60,40,4.12,JP,1611739635
525,iberia,29.9502,-91.7507,17.0,100,90,2.06,US,1611739635
526,aracuai,-16.8497,-42.0703,17.59,90,26,0.86,BR,1611739635
527,heiligenhafen,54.3667,10.9833,1.67,93,90,3.6,DE,1611739636
528,tianpeng,30.9866,103.9393,16.11,54,20,2.0,CN,1611739636
529,krasnoselkup,65.7,82.4667,-34.13,84,100,2.24,RU,1611739636
530,pangnirtung,66.1451,-65.7125,-15.16,65,0,0.74,CA,1611739636
531,lingao,19.9103,109.6859,22.2,69,9,7.68,CN,1611739636
532,bara,10.3744,10.7288,28.0,7,20,10.29,NG,1611739636
533,wynyard,-41.0,145.7167,15.0,71,61,3.58,AU,1611739636
534,koumac,-20.5667,164.2833,26.8,74,100,3.09,NC,1611739637
535,alugan,12.2188,125.4808,26.4,85,100,5.23,PH,1611739637
536,plettenberg bay,-34.0527,23.3716,21.12,71,94,5.18,ZA,1611739637
537,dunedin,-45.8742,170.5036,15.56,77,98,2.68,NZ,1611739637
538,tilichiki,60.4667,166.1,-24.18,91,100,7.28,RU,1611739637
539,lac du bonnet,50.2536,-96.0612,-30.56,100,0,0.1,CA,1611739637
540,maragogi,-9.0122,-35.2225,24.92,85,15,3.71,BR,1611739637
541,korla,41.7597,86.1469,1.13,66,0,1.94,CN,1611739637
542,kovdor,67.5662,30.4758,-15.36,95,100,2.19,RU,1611739637
543,ialibu,-6.2821,143.9935,15.87,99,100,0.42,PG,1611739638
544,mattru,7.6244,-11.8332,26.25,77,46,1.38,SL,1611739638
545,pakokku,21.3333,95.1,31.2,25,0,0.61,MM,1611739638
546,bereda,43.2686,-7.5406,14.44,100,100,3.13,ES,1611739638
547,tungor,53.3808,142.9564,-13.94,94,100,4.42,RU,1611739638
548,abeche,13.8292,20.8324,30.0,11,0,7.2,TD,1611739638
549,payyannur,12.1,75.2,29.69,53,33,4.87,IN,1611739638
550,quelimane,-17.8786,36.8883,31.0,74,40,0.5,MZ,1611739638
551,osypenko,46.9136,36.8253,2.22,53,100,6.26,UA,1611739639
552,fort morgan,40.2503,-103.8,-16.0,78,1,1.54,US,1611739639
553,mangan,27.5167,88.5333,18.32,36,10,2.78,IN,1611739639
554,turayf,31.6725,38.6637,16.0,31,98,9.77,SA,1611739639
555,prince rupert,54.3161,-130.3201,1.0,74,1,2.57,CA,1611739639
556,coruripe,-10.1256,-36.1756,24.85,82,65,4.41,BR,1611739639
557,nago,26.5881,127.9761,19.0,59,20,5.66,JP,1611739639
558,biak,-0.9131,122.8766,28.48,66,87,2.47,ID,1611739639
559,kedrovyy,56.1667,91.8167,-23.0,77,90,2.0,RU,1611739640
560,sur,22.5667,59.5289,23.22,57,0,5.71,OM,1611739640
561,rudraprayag,30.2833,78.9833,23.67,14,0,3.0,IN,1611739640
562,mayskiy,47.6931,40.1025,1.0,93,20,8.0,RU,1611739640
563,abu dhabi,24.4667,54.3667,24.0,60,20,6.17,AE,1611739123
